Applicant Email,Applicant Name,Your Name,Notes
casey.obrien@example.com,Casey O'Brien,Alex Kim,"SYNTHETIC: ran a bike co-op, and talked about the parts that went wrong."
,Cici Fang,Robin Diaz,"SYNTHETIC: strong on the founding story.

Wanted more detail on what she would build here."
,Meagan Woods,Alex Kim,SYNTHETIC: thoughtful about failure modes; would pair well with the design team.
,Mia Chen,Alex Kim,"SYNTHETIC: interview ran long, notes are thin."
jordan.lee@example.com,Jordan Lee,Alex Kim,"SYNTHETIC: clear communicator, said ""I would rather ship something small"" and meant it."
,Jordan A. Lee,Robin Diaz,"SYNTHETIC: second set of notes for the same interview, pasted by mistake."
,,Alex Kim,SYNTHETIC: notes with no applicant named at all.
priya.raman@example.com,Priya Raman,Robin Diaz,SYNTHETIC: asked good questions about the club's finances.
